entity_type,requires_kyc,requires_kyb,id_documents_required,business_docs_required,ubo_required,director_kyc_required,estimated_review_time,risk_level,notes
individual,YES,NO,passport OR national_id OR driving_licence,NONE,NO,NO,Instant (auto),Low,KYC only; lower default limits
sole_trader_unregistered,YES,NO,passport OR national_id OR driving_licence,NONE,NO,NO,Instant (auto),Low-Medium,Self-declaration of sole trader status
sole_trader_registered,YES,YES (partial),passport OR national_id OR driving_licence,Trade registration (country-specific),NO,YES (self),Instant-1 day,Medium,Some countries require registration proof
limited_company,YES,YES,passport OR national_id OR driving_licence,Certificate of Incorporation + AoA (conditional),YES (if UBO exists),YES,1-3 days,Medium,UBO declaration mandatory per AML regs
llp_partnership,YES,YES,passport OR national_id OR driving_licence,Partnership agreement (HYPOTHESIS),YES (partners >25%),YES (each partner),1-3 days,Medium,Each significant partner requires KYC
charity,YES,YES,passport OR national_id OR driving_licence,Charity registration certificate,YES (trustees),YES (lead trustee),1-3 days,Low-Medium,Charity number substitutes company reg
high_risk_entity,YES,YES (enhanced),passport OR national_id OR driving_licence,Certificate of Incorporation + latest accounts + proof of funds,YES (all UBOs),YES,3-7 days,High,High-risk MCC or high-volume triggers EDD
pep_individual,YES (enhanced),NO,passport + additional document,Source of funds declaration,N/A,NO,3-7 days,High (HYPOTHESIS),Politically Exposed Person — enhanced DD
sanctioned_entity,N/A,N/A,N/A,N/A,N/A,N/A,Rejected,Critical,Automatic rejection; no appeal (HYPOTHESIS)
